Column 1,Column 2,Column 3
Date,Event,Location
SatAug 052:00 PM,Miss Saigon,"Broadway Theatre-NYC
New York, NY"
SatAug 052:00 PM,Wicked,"Gershwin Theatre
New York, NY"
SatAug 052:00 PM,Charlie and the Chocolate Factory,"Lunt-Fontanne Theater
New York, NY"
SatAug 052:00 PM,Hamilton - New York,"Richard Rodgers Theatre
New York, NY"
SatAug 058:00 PM,Hello Dolly,"Shubert Theatre-NYC
New York, NY"
SatAug 058:00 PM,Miss Saigon,"Broadway Theatre-NYC
New York, NY"
SatAug 058:00 PM,Wicked,"Gershwin Theatre
New York, NY"
SatAug 058:00 PM,Charlie and the Chocolate Factory,"Lunt-Fontanne Theater
New York, NY"
SatAug 058:00 PM,Hamilton - New York,"Richard Rodgers Theatre
New York, NY"
SunAug 061:00 PM,Charlie and the Chocolate Factory,"Lunt-Fontanne Theater
New York, NY"
SunAug 063:00 PM,Hamilton - New York,"Richard Rodgers Theatre
New York, NY"
SunAug 066:30 PM,Charlie and the Chocolate Factory,"Lunt-Fontanne Theater
New York, NY"
MonAug 077:00 PM,Charlie and the Chocolate Factory,"Lunt-Fontanne Theater
New York, NY"
MonAug 078:00 PM,Miss Saigon,"Broadway Theatre-NYC
New York, NY"
TueAug 087:00 PM,Miss Saigon,"Broadway Theatre-NYC
New York, NY"
TueAug 087:00 PM,Charlie and the Chocolate Factory,"Lunt-Fontanne Theater
New York, NY"
TueAug 087:00 PM,Hamilton - New York,"Richard Rodgers Theatre
New York, NY"
WedAug 092:00 PM,Miss Saigon,"Broadway Theatre-NYC
New York, NY"
WedAug 092:00 PM,Wicked,"Gershwin Theatre
New York, NY"
WedAug 098:00 PM,Miss Saigon,"Broadway Theatre-NYC
New York, NY"
WedAug 098:00 PM,Hamilton - New York,"Richard Rodgers Theatre
New York, NY"
ThuAug 107:00 PM,Bette Midler in Hello Dolly!,"Shubert Theatre-NYC
New York, NY"
ThuAug 107:00 PM,Miss Saigon,"Broadway Theatre-NYC
New York, NY"
ThuAug 107:00 PM,Hamilton - New York,"Richard Rodgers Theatre
New York, NY"
FriAug 118:00 PM,Miss Saigon,"Broadway Theatre-NYC
New York, NY"
FriAug 118:00 PM,Charlie and the Chocolate Factory,"Lunt-Fontanne Theater
New York, NY"
SatAug 122:00 PM,Miss Saigon,"Broadway Theatre-NYC
New York, NY"
SatAug 122:00 PM,Charlie and the Chocolate Factory,"Lunt-Fontanne Theater
New York, NY"
SatAug 122:00 PM,Hamilton - New York,"Richard Rodgers Theatre
New York, NY"
SatAug 128:00 PM,Hello Dolly,"Shubert Theatre-NYC
New York, NY"
SatAug 128:00 PM,Miss Saigon,"Broadway Theatre-NYC
New York, NY"
SatAug 128:00 PM,Charlie and the Chocolate Factory,"Lunt-Fontanne Theater
New York, NY"
SunAug 131:00 PM,Charlie and the Chocolate Factory,"Lunt-Fontanne Theater
New York, NY"
SunAug 136:30 PM,Charlie and the Chocolate Factory,"Lunt-Fontanne Theater
New York, NY"
MonAug 148:00 PM,Miss Saigon,"Broadway Theatre-NYC
New York, NY"
TueAug 157:00 PM,Miss Saigon,"Broadway Theatre-NYC
New York, NY"
TueAug 157:00 PM,Hamilton - New York,"Richard Rodgers Theatre
New York, NY"
WedAug 162:00 PM,Miss Saigon,"Broadway Theatre-NYC
New York, NY"
WedAug 162:00 PM,Wicked,"Gershwin Theatre
New York, NY"
WedAug 167:00 PM,Lionel Richie and Mariah Carey,"Wells Fargo Center-PA
Philadelphia, PA"
WedAug 168:00 PM,Miss Saigon,"Broadway Theatre-NYC
New York, NY"
ThuAug 177:00 PM,Miss Saigon,"Broadway Theatre-NYC
New York, NY"
ThuAug 177:00 PM,Hamilton - New York,"Richard Rodgers Theatre
New York, NY"
FriAug 187:00 PM,Lionel Richie and Mariah Carey,"Prudential Center
Newark, NJ"
FriAug 188:00 PM,Miss Saigon,"Broadway Theatre-NYC
New York, NY"
FriAug 188:00 PM,Charlie and the Chocolate Factory,"Lunt-Fontanne Theater
New York, NY"
SatAug 192:00 PM,Miss Saigon,"Broadway Theatre-NYC
New York, NY"
SatAug 192:00 PM,Charlie and the Chocolate Factory,"Lunt-Fontanne Theater
New York, NY"
SatAug 192:00 PM,Hamilton - New York,"Richard Rodgers Theatre
New York, NY"
SatAug 198:00 PM,Avenue Q,"New World Stages-Stage 3
New York, NY"
SatAug 198:00 PM,Miss Saigon,"Broadway Theatre-NYC
New York, NY"
SatAug 198:00 PM,Charlie and the Chocolate Factory,"Lunt-Fontanne Theater
New York, NY"
SatAug 198:00 PM,Hamilton - New York,"Richard Rodgers Theatre
New York, NY"
SunAug 201:00 PM,Charlie and the Chocolate Factory,"Lunt-Fontanne Theater
New York, NY"
SunAug 203:00 PM,Hamilton - New York,"Richard Rodgers Theatre
New York, NY"
MonAug 217:00 PM,Charlie and the Chocolate Factory,"Lunt-Fontanne Theater
New York, NY"
MonAug 218:00 PM,Miss Saigon,"Broadway Theatre-NYC
New York, NY"
TueAug 227:00 PM,Miss Saigon,"Broadway Theatre-NYC
New York, NY"
WedAug 232:00 PM,Miss Saigon,"Broadway Theatre-NYC
New York, NY"
WedAug 232:00 PM,Wicked,"Gershwin Theatre
New York, NY"
WedAug 238:00 PM,Miss Saigon,"Broadway Theatre-NYC
New York, NY"
WedAug 238:00 PM,Hamilton - New York,"Richard Rodgers Theatre
New York, NY"
ThuAug 247:00 PM,Miss Saigon,"Broadway Theatre-NYC
New York, NY"
FriAug 258:00 PM,Miss Saigon,"Broadway Theatre-NYC
New York, NY"
SatAug 262:00 PM,Miss Saigon,"Broadway Theatre-NYC
New York, NY"
SatAug 262:00 PM,Charlie and the Chocolate Factory,"Lunt-Fontanne Theater
New York, NY"
SatAug 262:00 PM,Hamilton - New York,"Richard Rodgers Theatre
New York, NY"
SatAug 268:00 PM,Miss Saigon,"Broadway Theatre-NYC
New York, NY"
SatAug 268:00 PM,Charlie and the Chocolate Factory,"Lunt-Fontanne Theater
New York, NY"
SatAug 268:00 PM,Hamilton - New York,"Richard Rodgers Theatre
New York, NY"
SunAug 271:00 PM,Charlie and the Chocolate Factory,"Lunt-Fontanne Theater
New York, NY"
SunAug 276:30 PM,Charlie and the Chocolate Factory,"Lunt-Fontanne Theater
New York, NY"
MonAug 288:00 PM,Miss Saigon,"Broadway Theatre-NYC
New York, NY"
TueAug 297:00 PM,Miss Saigon,"Broadway Theatre-NYC
New York, NY"
TueAug 297:00 PM,Hamilton - New York,"Richard Rodgers Theatre
New York, NY"
WedAug 302:00 PM,Miss Saigon,"Broadway Theatre-NYC
New York, NY"
WedAug 302:00 PM,Wicked,"Gershwin Theatre
New York, NY"
WedAug 302:00 PM,Charlie and the Chocolate Factory,"Lunt-Fontanne Theater
New York, NY"
WedAug 308:00 PM,Miss Saigon,"Broadway Theatre-NYC
New York, NY"
WedAug 308:00 PM,Hamilton - New York,"Richard Rodgers Theatre
New York, NY"
ThuAug 317:00 PM,Miss Saigon,"Broadway Theatre-NYC
New York, NY"
FriSep 018:00 PM,Miss Saigon,"Broadway Theatre-NYC
New York, NY"
FriSep 018:00 PM,Charlie and the Chocolate Factory,"Lunt-Fontanne Theater
New York, NY"
SatSep 022:00 PM,Miss Saigon,"Broadway Theatre-NYC
New York, NY"
SatSep 022:00 PM,Charlie and the Chocolate Factory,"Lunt-Fontanne Theater
New York, NY"
SatSep 028:00 PM,Miss Saigon,"Broadway Theatre-NYC
New York, NY"
SatSep 028:00 PM,Charlie and the Chocolate Factory,"Lunt-Fontanne Theater
New York, NY"
MonSep 048:00 PM,Miss Saigon,"Broadway Theatre-NYC
New York, NY"
TueSep 057:00 PM,Miss Saigon,"Broadway Theatre-NYC
New York, NY"
TueSep 057:00 PM,Charlie and the Chocolate Factory,"Lunt-Fontanne Theater
New York, NY"
WedSep 061:00 PM,Charlie and the Chocolate Factory,"Lunt-Fontanne Theater
New York, NY"
WedSep 062:00 PM,Miss Saigon,"Broadway Theatre-NYC
New York, NY"
WedSep 062:00 PM,Wicked,"Gershwin Theatre
New York, NY"
WedSep 068:00 PM,Miss Saigon,"Broadway Theatre-NYC
New York, NY"
WedSep 068:00 PM,Hamilton - New York,"Richard Rodgers Theatre
New York, NY"
ThuSep 077:00 PM,Miss Saigon,"Broadway Theatre-NYC
New York, NY"
ThuSep 077:00 PM,Charlie and the Chocolate Factory,"Lunt-Fontanne Theater
New York, NY"
FriSep 088:00 PM,Miss Saigon,"Broadway Theatre-NYC
New York, NY"
FriSep 088:00 PM,Charlie and the Chocolate Factory,"Lunt-Fontanne Theater
New York, NY"
FriSep 088:00 PM,Hamilton - New York,"Richard Rodgers Theatre
New York, NY"
SatSep 092:00 PM,Miss Saigon,"Broadway Theatre-NYC
New York, NY"
SatSep 098:00 PM,Miss Saigon,"Broadway Theatre-NYC
New York, NY"
SatSep 098:00 PM,Charlie and the Chocolate Factory,"Lunt-Fontanne Theater
New York, NY"
SatSep 098:00 PM,Hamilton - New York,"Richard Rodgers Theatre
New York, NY"
SunSep 101:00 PM,Charlie and the Chocolate Factory,"Lunt-Fontanne Theater
New York, NY"
SunSep 106:30 PM,Charlie and the Chocolate Factory,"Lunt-Fontanne Theater
New York, NY"
MonSep 117:00 PM,Charlie and the Chocolate Factory,"Lunt-Fontanne Theater
New York, NY"
MonSep 118:00 PM,Miss Saigon,"Broadway Theatre-NYC
New York, NY"
TueSep 127:00 PM,Miss Saigon,"Broadway Theatre-NYC
New York, NY"
TueSep 127:00 PM,Charlie and the Chocolate Factory,"Lunt-Fontanne Theater
New York, NY"
TueSep 127:00 PM,Hamilton - New York,"Richard Rodgers Theatre
New York, NY"
WedSep 132:00 PM,Miss Saigon,"Broadway Theatre-NYC
New York, NY"
WedSep 138:00 PM,Miss Saigon,"Broadway Theatre-NYC
New York, NY"
WedSep 138:00 PM,Hamilton - New York,"Richard Rodgers Theatre
New York, NY"
ThuSep 147:00 PM,Miss Saigon,"Broadway Theatre-NYC
New York, NY"
FriSep 158:00 PM,Hello Dolly,"Shubert Theatre-NYC
New York, NY"
FriSep 158:00 PM,Miss Saigon,"Broadway Theatre-NYC
New York, NY"
FriSep 158:00 PM,Charlie and the Chocolate Factory,"Lunt-Fontanne Theater
New York, NY"
SatSep 162:00 PM,Miss Saigon,"Broadway Theatre-NYC
New York, NY"
SatSep 162:00 PM,Hamilton - New York,"Richard Rodgers Theatre
New York, NY"
SatSep 168:00 PM,2cellos,"Radio City Music Hall
New York, NY"
SatSep 168:00 PM,Miss Saigon,"Broadway Theatre-NYC
New York, NY"
SatSep 168:00 PM,Charlie and the Chocolate Factory,"Lunt-Fontanne Theater
New York, NY"
SunSep 171:00 PM,Charlie and the Chocolate Factory,"Lunt-Fontanne Theater
New York, NY"
SunSep 176:30 PM,Charlie and the Chocolate Factory,"Lunt-Fontanne Theater
New York, NY"
MonSep 187:00 PM,Charlie and the Chocolate Factory,"Lunt-Fontanne Theater
New York, NY"
MonSep 188:00 PM,Miss Saigon,"Broadway Theatre-NYC
New York, NY"
TueSep 197:00 PM,Miss Saigon,"Broadway Theatre-NYC
New York, NY"
WedSep 201:00 PM,Charlie and the Chocolate Factory,"Lunt-Fontanne Theater
New York, NY"
WedSep 202:00 PM,Miss Saigon,"Broadway Theatre-NYC
New York, NY"
WedSep 208:00 PM,Miss Saigon,"Broadway Theatre-NYC
New York, NY"
WedSep 208:00 PM,Hamilton - New York,"Richard Rodgers Theatre
New York, NY"
ThuSep 217:00 PM,Miss Saigon,"Broadway Theatre-NYC
New York, NY"
FriSep 228:00 PM,Miss Saigon,"Broadway Theatre-NYC
New York, NY"
FriSep 228:00 PM,Charlie and the Chocolate Factory,"Lunt-Fontanne Theater
New York, NY"
SatSep 232:00 PM,Miss Saigon,"Broadway Theatre-NYC
New York, NY"
SatSep 232:00 PM,Charlie and the Chocolate Factory,"Lunt-Fontanne Theater
New York, NY"
SatSep 232:00 PM,Hamilton - New York,"Richard Rodgers Theatre
New York, NY"
SatSep 238:00 PM,Miss Saigon,"Broadway Theatre-NYC
New York, NY"
SatSep 238:00 PM,Charlie and the Chocolate Factory,"Lunt-Fontanne Theater
New York, NY"
SatSep 238:00 PM,Hamilton - New York,"Richard Rodgers Theatre
New York, NY"
SunSep 241:00 PM,Charlie and the Chocolate Factory,"Lunt-Fontanne Theater
New York, NY"
SunSep 246:30 PM,Charlie and the Chocolate Factory,"Lunt-Fontanne Theater
New York, NY"
MonSep 257:00 PM,Charlie and the Chocolate Factory,"Lunt-Fontanne Theater
New York, NY"
MonSep 258:00 PM,Miss Saigon,"Broadway Theatre-NYC
New York, NY"
TueSep 267:00 PM,Miss Saigon,"Broadway Theatre-NYC
New York, NY"
WedSep 272:00 PM,Miss Saigon,"Broadway Theatre-NYC
New York, NY"
WedSep 272:00 PM,Wicked,"Gershwin Theatre
New York, NY"
WedSep 278:00 PM,Miss Saigon,"Broadway Theatre-NYC
New York, NY"
WedSep 278:00 PM,Hamilton - New York,"Richard Rodgers Theatre
New York, NY"
ThuSep 287:00 PM,Miss Saigon,"Broadway Theatre-NYC
New York, NY"
ThuSep 287:00 PM,Hamilton - New York,"Richard Rodgers Theatre
New York, NY"
FriSep 298:00 PM,Miss Saigon,"Broadway Theatre-NYC
New York, NY"
FriSep 298:00 PM,Hamilton - New York,"Richard Rodgers Theatre
New York, NY"
SatSep 302:00 PM,Miss Saigon,"Broadway Theatre-NYC
New York, NY"
SatSep 302:00 PM,Hamilton - New York,"Richard Rodgers Theatre
New York, NY"
SatSep 308:00 PM,Miss Saigon,"Broadway Theatre-NYC
New York, NY"
SatSep 308:00 PM,Hamilton - New York,"Richard Rodgers Theatre
New York, NY"
MonOct 028:00 PM,Miss Saigon,"Broadway Theatre-NYC
New York, NY"
TueOct 037:00 PM,Miss Saigon,"Broadway Theatre-NYC
New York, NY"
TueOct 037:00 PM,Hamilton - New York,"Richard Rodgers Theatre
New York, NY"
WedOct 042:00 PM,Miss Saigon,"Broadway Theatre-NYC
New York, NY"
WedOct 048:00 PM,Miss Saigon,"Broadway Theatre-NYC
New York, NY"
WedOct 048:00 PM,Hamilton - New York,"Richard Rodgers Theatre
New York, NY"
ThuOct 057:00 PM,Miss Saigon,"Broadway Theatre-NYC
New York, NY"
ThuOct 057:00 PM,Hamilton - New York,"Richard Rodgers Theatre
New York, NY"
FriOct 068:00 PM,Miss Saigon,"Broadway Theatre-NYC
New York, NY"
SatOct 072:00 PM,Miss Saigon,"Broadway Theatre-NYC
New York, NY"
SatOct 072:00 PM,Hamilton - New York,"Richard Rodgers Theatre
New York, NY"
SatOct 078:00 PM,Miss Saigon,"Broadway Theatre-NYC
New York, NY"
SatOct 078:00 PM,Hamilton - New York,"Richard Rodgers Theatre
New York, NY"
MonOct 098:00 PM,Miss Saigon,"Broadway Theatre-NYC
New York, NY"
TueOct 107:00 PM,Miss Saigon,"Broadway Theatre-NYC
New York, NY"
TueOct 107:00 PM,Hamilton - New York,"Richard Rodgers Theatre
New York, NY"
WedOct 112:00 PM,Miss Saigon,"Broadway Theatre-NYC
New York, NY"
WedOct 118:00 PM,Miss Saigon,"Broadway Theatre-NYC
New York, NY"
WedOct 118:00 PM,Hamilton - New York,"Richard Rodgers Theatre
New York, NY"
ThuOct 127:00 PM,Bette Midler in Hello Dolly!,"Shubert Theatre-NYC
New York, NY"
ThuOct 127:00 PM,Miss Saigon,"Broadway Theatre-NYC
New York, NY"
ThuOct 127:00 PM,Hamilton - New York,"Richard Rodgers Theatre
New York, NY"
FriOct 138:00 PM,Miss Saigon,"Broadway Theatre-NYC
New York, NY"
FriOct 138:00 PM,Hamilton - New York,"Richard Rodgers Theatre
New York, NY"
SatOct 142:00 PM,Miss Saigon,"Broadway Theatre-NYC
New York, NY"
SatOct 148:00 PM,Miss Saigon,"Broadway Theatre-NYC
New York, NY"
SatOct 148:00 PM,Hamilton - New York,"Richard Rodgers Theatre
New York, NY"
MonOct 168:00 PM,Miss Saigon,"Broadway Theatre-NYC
New York, NY"
TueOct 177:00 PM,Miss Saigon,"Broadway Theatre-NYC
New York, NY"
TueOct 177:00 PM,Hamilton - New York,"Richard Rodgers Theatre
New York, NY"
WedOct 182:00 PM,Miss Saigon,"Broadway Theatre-NYC
New York, NY"
WedOct 188:00 PM,Miss Saigon,"Broadway Theatre-NYC
New York, NY"
WedOct 188:00 PM,Hamilton - New York,"Richard Rodgers Theatre
New York, NY"
ThuOct 197:00 PM,Miss Saigon,"Broadway Theatre-NYC
New York, NY"
ThuOct 197:00 PM,Hamilton - New York,"Richard Rodgers Theatre
New York, NY"
FriOct 208:00 PM,Miss Saigon,"Broadway Theatre-NYC
New York, NY"
FriOct 208:00 PM,Hamilton - New York,"Richard Rodgers Theatre
New York, NY"
SatOct 212:00 PM,Miss Saigon,"Broadway Theatre-NYC
New York, NY"
SatOct 218:00 PM,Miss Saigon,"Broadway Theatre-NYC
New York, NY"
SatOct 218:00 PM,Hamilton - New York,"Richard Rodgers Theatre
New York, NY"
MonOct 238:00 PM,Miss Saigon,"Broadway Theatre-NYC
New York, NY"
TueOct 247:00 PM,Miss Saigon,"Broadway Theatre-NYC
New York, NY"
WedOct 252:00 PM,Miss Saigon,"Broadway Theatre-NYC
New York, NY"
WedOct 258:00 PM,Miss Saigon,"Broadway Theatre-NYC
New York, NY"
ThuOct 267:00 PM,Miss Saigon,"Broadway Theatre-NYC
New York, NY"
FriOct 278:00 PM,Miss Saigon,"Broadway Theatre-NYC
New York, NY"
FriOct 278:00 PM,Hamilton - New York,"Richard Rodgers Theatre
New York, NY"
SatOct 282:00 PM,Miss Saigon,"Broadway Theatre-NYC
New York, NY"
SatOct 288:00 PM,Bette Midler in Hello Dolly!,"Shubert Theatre-NYC
New York, NY"
SatOct 288:00 PM,Miss Saigon,"Broadway Theatre-NYC
New York, NY"
SunOct 293:00 PM,Hamilton - New York,"Richard Rodgers Theatre
New York, NY"
MonOct 307:00 PM,Hamilton - New York,"Richard Rodgers Theatre
New York, NY"
MonOct 308:00 PM,Miss Saigon,"Broadway Theatre-NYC
New York, NY"
TueOct 317:00 PM,Miss Saigon,"Broadway Theatre-NYC
New York, NY"
WedNov 012:00 PM,Miss Saigon,"Broadway Theatre-NYC
New York, NY"
WedNov 018:00 PM,Miss Saigon,"Broadway Theatre-NYC
New York, NY"
ThuNov 027:00 PM,Miss Saigon,"Broadway Theatre-NYC
New York, NY"
FriNov 038:00 PM,Miss Saigon,"Broadway Theatre-NYC
New York, NY"
SatNov 042:00 PM,Miss Saigon,"Broadway Theatre-NYC
New York, NY"
SatNov 042:00 PM,Hamilton - New York,"Richard Rodgers Theatre
New York, NY"
SatNov 048:00 PM,Miss Saigon,"Broadway Theatre-NYC
New York, NY"
MonNov 068:00 PM,Miss Saigon,"Broadway Theatre-NYC
New York, NY"
TueNov 077:00 PM,Miss Saigon,"Broadway Theatre-NYC
New York, NY"
WedNov 082:00 PM,Miss Saigon,"Broadway Theatre-NYC
New York, NY"
WedNov 088:00 PM,Miss Saigon,"Broadway Theatre-NYC
New York, NY"
ThuNov 097:00 PM,Miss Saigon,"Broadway Theatre-NYC
New York, NY"
FriNov 108:00 PM,Miss Saigon,"Broadway Theatre-NYC
New York, NY"
SatNov 112:00 PM,Miss Saigon,"Broadway Theatre-NYC
New York, NY"
SatNov 118:00 PM,Miss Saigon,"Broadway Theatre-NYC
New York, NY"
MonNov 138:00 PM,Miss Saigon,"Broadway Theatre-NYC
New York, NY"
TueNov 147:00 PM,Miss Saigon,"Broadway Theatre-NYC
New York, NY"
WedNov 152:00 PM,Miss Saigon,"Broadway Theatre-NYC
New York, NY"
WedNov 158:00 PM,Miss Saigon,"Broadway Theatre-NYC
New York, NY"
ThuNov 167:00 PM,Miss Saigon,"Broadway Theatre-NYC
New York, NY"
FriNov 178:00 PM,Miss Saigon,"Broadway Theatre-NYC
New York, NY"
SatNov 182:00 PM,Miss Saigon,"Broadway Theatre-NYC
New York, NY"
SatNov 188:00 PM,Miss Saigon,"Broadway Theatre-NYC
New York, NY"
MonNov 208:00 PM,Miss Saigon,"Broadway Theatre-NYC
New York, NY"
TueNov 217:00 PM,Miss Saigon,"Broadway Theatre-NYC
New York, NY"
WedNov 222:00 PM,Miss Saigon,"Broadway Theatre-NYC
New York, NY"
WedNov 228:00 PM,Miss Saigon,"Broadway Theatre-NYC
New York, NY"
FriNov 242:00 PM,Miss Saigon,"Broadway Theatre-NYC
New York, NY"
FriNov 248:00 PM,Miss Saigon,"Broadway Theatre-NYC
New York, NY"
SatNov 252:00 PM,Miss Saigon,"Broadway Theatre-NYC
New York, NY"
SatNov 258:00 PM,Miss Saigon,"Broadway Theatre-NYC
New York, NY"
MonNov 278:00 PM,Miss Saigon,"Broadway Theatre-NYC
New York, NY"
TueNov 287:00 PM,Miss Saigon,"Broadway Theatre-NYC
New York, NY"
WedNov 292:00 PM,Miss Saigon,"Broadway Theatre-NYC
New York, NY"
WedNov 298:00 PM,Miss Saigon,"Broadway Theatre-NYC
New York, NY"
ThuNov 307:00 PM,Miss Saigon,"Broadway Theatre-NYC
New York, NY"
FriDec 018:00 PM,Miss Saigon,"Broadway Theatre-NYC
New York, NY"
SatDec 022:00 PM,Miss Saigon,"Broadway Theatre-NYC
New York, NY"
SatDec 028:00 PM,Miss Saigon,"Broadway Theatre-NYC
New York, NY"
MonDec 048:00 PM,Miss Saigon,"Broadway Theatre-NYC
New York, NY"
TueDec 057:00 PM,Miss Saigon,"Broadway Theatre-NYC
New York, NY"
WedDec 062:00 PM,Miss Saigon,"Broadway Theatre-NYC
New York, NY"
WedDec 068:00 PM,Miss Saigon,"Broadway Theatre-NYC
New York, NY"
ThuDec 077:00 PM,Miss Saigon,"Broadway Theatre-NYC
New York, NY"
FriDec 088:00 PM,Miss Saigon,"Broadway Theatre-NYC
New York, NY"
SatDec 092:00 PM,Miss Saigon,"Broadway Theatre-NYC
New York, NY"
SatDec 098:00 PM,Miss Saigon,"Broadway Theatre-NYC
New York, NY"
MonDec 118:00 PM,Miss Saigon,"Broadway Theatre-NYC
New York, NY"
TueDec 127:00 PM,Miss Saigon,"Broadway Theatre-NYC
New York, NY"
WedDec 132:00 PM,Miss Saigon,"Broadway Theatre-NYC
New York, NY"
WedDec 138:00 PM,Miss Saigon,"Broadway Theatre-NYC
New York, NY"
ThuDec 147:00 PM,Miss Saigon,"Broadway Theatre-NYC
New York, NY"
FriDec 158:00 PM,Miss Saigon,"Broadway Theatre-NYC
New York, NY"
SatDec 162:00 PM,Miss Saigon,"Broadway Theatre-NYC
New York, NY"
SatDec 168:00 PM,Miss Saigon,"Broadway Theatre-NYC
New York, NY"
SunDec 178:00 PM,Blood Sweat and Tears,"BB Kings Blues Club-NYC
New York, NY"
MonDec 188:00 PM,Miss Saigon,"Broadway Theatre-NYC
New York, NY"
TueDec 197:00 PM,Miss Saigon,"Broadway Theatre-NYC
New York, NY"
WedDec 208:00 PM,Miss Saigon,"Broadway Theatre-NYC
New York, NY"
ThuDec 218:00 PM,Miss Saigon,"Broadway Theatre-NYC
New York, NY"
FriDec 228:00 PM,Miss Saigon,"Broadway Theatre-NYC
New York, NY"
SatDec 232:00 PM,Miss Saigon,"Broadway Theatre-NYC
New York, NY"
SatDec 238:00 PM,Miss Saigon,"Broadway Theatre-NYC
New York, NY"
MonDec 258:00 PM,Miss Saigon,"Broadway Theatre-NYC
New York, NY"
TueDec 267:00 PM,Miss Saigon,"Broadway Theatre-NYC
New York, NY"
WedDec 272:00 PM,Miss Saigon,"Broadway Theatre-NYC
New York, NY"
WedDec 278:00 PM,Miss Saigon,"Broadway Theatre-NYC
New York, NY"
ThuDec 288:00 PM,Miss Saigon,"Broadway Theatre-NYC
New York, NY"
FriDec 292:00 PM,Miss Saigon,"Broadway Theatre-NYC
New York, NY"
FriDec 298:00 PM,Miss Saigon,"Broadway Theatre-NYC
New York, NY"
SatDec 302:00 PM,Miss Saigon,"Broadway Theatre-NYC
New York, NY"
SatDec 308:00 PM,Miss Saigon,"Broadway Theatre-NYC
New York, NY"
MonJan 018:00 PM,Miss Saigon,"Broadway Theatre-NYC
New York, NY"
TueJan 027:00 PM,Miss Saigon,"Broadway Theatre-NYC
New York, NY"
WedJan 032:00 PM,Miss Saigon,"Broadway Theatre-NYC
New York, NY"
WedJan 038:00 PM,Miss Saigon,"Broadway Theatre-NYC
New York, NY"
ThuJan 048:00 PM,Miss Saigon,"Broadway Theatre-NYC
New York, NY"
FriJan 058:00 PM,Miss Saigon,"Broadway Theatre-NYC
New York, NY"
SatJan 062:00 PM,Miss Saigon,"Broadway Theatre-NYC
New York, NY"
SatJan 068:00 PM,Miss Saigon,"Broadway Theatre-NYC
New York, NY"
MonJan 088:00 PM,Miss Saigon,"Broadway Theatre-NYC
New York, NY"
TueJan 097:00 PM,Miss Saigon,"Broadway Theatre-NYC
New York, NY"
WedJan 102:00 PM,Miss Saigon,"Broadway Theatre-NYC
New York, NY"
WedJan 108:00 PM,Miss Saigon,"Broadway Theatre-NYC
New York, NY"
ThuJan 118:00 PM,Miss Saigon,"Broadway Theatre-NYC
New York, NY"
FriJan 128:00 PM,Miss Saigon,"Broadway Theatre-NYC
New York, NY"
SatJan 132:00 PM,Miss Saigon,"Broadway Theatre-NYC
New York, NY"
SatJan 138:00 PM,Miss Saigon,"Broadway Theatre-NYC
New York, NY"
